Orden,AFD,Token,Frase,Estado final
0,A000,PROVOCACION,que aburrido eres,q3
1,A001,PROVOCACION,eres un bot,q3
2,A002,PROVOCACION,eres tonto,q2
3,A003,PROVOCACION,no sirves,q2
4,A004,PROVOCACION,eres malo,q2
5,A005,PROVOCACION,aburrido,q1
6,A006,PROVOCACION,no sabes,q2
7,A007,PROVOCACION,estupido,q1
8,A008,PROVOCACION,callate,q1
9,A009,PROVOCACION,idiota,q1
10,A010,PROVOCACION,inutil,q1
11,A011,PROVOCACION,basura,q1
12,A012,PROVOCACION,tonto,q1
13,A013,PROVOCACION,malo,q1
14,A014,DESPEDIDA,hasta pronto,q2
15,A015,DESPEDIDA,hasta manana,q2
16,A016,DESPEDIDA,hasta luego,q2
17,A017,DESPEDIDA,nos vemos,q2
18,A018,DESPEDIDA,me voy,q2
19,A019,DESPEDIDA,adios,q1
20,A020,DESPEDIDA,chao,q1
21,A021,DESPEDIDA,chau,q1
22,A022,DESPEDIDA,bye,q1
23,A023,SALUDO,buenas tardes,q2
24,A024,SALUDO,buenas noches,q2
25,A025,SALUDO,buenos dias,q2
26,A026,SALUDO,que tal,q2
27,A027,SALUDO,saludos,q1
28,A028,SALUDO,buenas,q1
29,A029,SALUDO,hola,q1
30,A030,SALUDO,holi,q1
31,A031,SALUDO,hey,q1
32,A032,RETOMAR_TEMA,sobre lo anterior,q3
33,A033,RETOMAR_TEMA,el tema anterior,q3
34,A034,RETOMAR_TEMA,de lo anterior,q3
35,A035,RETOMAR_TEMA,esa pelicula,q2
36,A036,RETOMAR_TEMA,sigamos con,q2
37,A037,RETOMAR_TEMA,regresemos,q1
38,A038,RETOMAR_TEMA,retomemos,q1
39,A039,RETOMAR_TEMA,volvamos,q1
40,A040,RETOMAR_TEMA,ese tema,q2
41,A041,MENCION_PELICULA,el senor de los anillos,q5
42,A042,MENCION_PELICULA,jurassic park,q2
43,A043,MENCION_PELICULA,interestelar,q1
44,A044,MENCION_PELICULA,interstellar,q1
45,A045,MENCION_PELICULA,pulp fiction,q2
46,A046,MENCION_PELICULA,harry potter,q2
47,A047,MENCION_PELICULA,forrest gump,q2
48,A048,MENCION_PELICULA,oppenheimer,q1
49,A049,MENCION_PELICULA,el padrino,q2
50,A050,MENCION_PELICULA,la la land,q3
51,A051,MENCION_PELICULA,inception,q1
52,A052,MENCION_PELICULA,gladiador,q1
53,A053,MENCION_PELICULA,toy story,q2
54,A054,MENCION_PELICULA,star wars,q2
55,A055,MENCION_PELICULA,parasitos,q1
56,A056,MENCION_PELICULA,titanic,q1
57,A057,MENCION_PELICULA,avatar,q1
58,A058,MENCION_PELICULA,barbie,q1
59,A059,MENCION_PELICULA,matrix,q1
60,A060,MENCION_PELICULA,batman,q1
61,A061,MENCION_PELICULA,joker,q1
62,A062,MENCION_PELICULA,shrek,q1
63,A063,MENCION_PELICULA,dune,q1
64,A064,MENCION_PELICULA,duna,q1
65,A065,MENCION_PELICULA,coco,q1
66,A066,MENCION_PELICULA,cars,q1
67,A067,MENCION_ACTOR,scarlett johansson,q2
68,A068,MENCION_ACTOR,leonardo dicaprio,q2
69,A069,MENCION_ACTOR,timothee chalamet,q2
70,A070,MENCION_ACTOR,robert downey jr,q3
71,A071,MENCION_ACTOR,joaquin phoenix,q2
72,A072,MENCION_ACTOR,cillian murphy,q2
73,A073,MENCION_ACTOR,christian bale,q2
74,A074,MENCION_ACTOR,morgan freeman,q2
75,A075,MENCION_ACTOR,margot robbie,q2
76,A076,MENCION_ACTOR,keanu reeves,q2
77,A077,MENCION_ACTOR,johnny depp,q2
78,A078,MENCION_ACTOR,tom cruise,q2
79,A079,MENCION_ACTOR,emma stone,q2
80,A080,MENCION_ACTOR,brad pitt,q2
81,A081,MENCION_ACTOR,tom hanks,q2
82,A082,MENCION_ACTOR,zendaya,q1
83,A083,MENCION_GENERO,ciencia ficcion,q2
84,A084,MENCION_GENERO,documental,q1
85,A085,MENCION_GENERO,animacion,q1
86,A086,MENCION_GENERO,aventura,q1
87,A087,MENCION_GENERO,suspenso,q1
88,A088,MENCION_GENERO,fantasia,q1
89,A089,MENCION_GENERO,misterio,q1
90,A090,MENCION_GENERO,thriller,q1
91,A091,MENCION_GENERO,comedia,q1
92,A092,MENCION_GENERO,romance,q1
93,A093,MENCION_GENERO,musical,q1
94,A094,MENCION_GENERO,western,q1
95,A095,MENCION_GENERO,accion,q1
96,A096,MENCION_GENERO,terror,q1
97,A097,MENCION_GENERO,horror,q1
98,A098,MENCION_GENERO,crimen,q1
99,A099,MENCION_GENERO,drama,q1
100,A100,OPINION,es excelente,q2
101,A101,OPINION,es aburrida,q2
102,A102,OPINION,es terrible,q2
103,A103,OPINION,me encanta,q2
104,A104,OPINION,me fascina,q2
105,A105,OPINION,pienso que,q2
106,A106,OPINION,me parece,q2
107,A107,OPINION,considero,q1
108,A108,OPINION,es genial,q2
109,A109,OPINION,me gusta,q2
110,A110,OPINION,prefiero,q1
111,A111,OPINION,la mejor,q2
112,A112,OPINION,creo que,q2
113,A113,OPINION,es buena,q2
114,A114,OPINION,para mi,q2
115,A115,OPINION,es mala,q2
116,A116,OPINION,opino,q1
117,A117,OPINION,odio,q1
118,A118,NEGACION,para nada,q2
119,A119,NEGACION,negativo,q1
120,A120,NEGACION,no creo,q2
121,A121,NEGACION,nunca,q1
122,A122,NEGACION,jamas,q1
123,A123,NEGACION,no,q1
124,A124,AFIRMACION,por supuesto,q2
125,A125,AFIRMACION,de acuerdo,q2
126,A126,AFIRMACION,totalmente,q1
127,A127,AFIRMACION,correcto,q1
128,A128,AFIRMACION,tambien,q1
129,A129,AFIRMACION,exacto,q1
130,A130,AFIRMACION,asi es,q2
131,A131,AFIRMACION,claro,q1
132,A132,AFIRMACION,si,q1
133,A133,PREGUNTA,?,q1
134,A134,PREGUNTA,¿,q1
135,A135,PREGUNTA,que,q1
136,A136,PREGUNTA,quien,q1
137,A137,PREGUNTA,quienes,q1
138,A138,PREGUNTA,cual,q1
139,A139,PREGUNTA,cuales,q1
140,A140,PREGUNTA,como,q1
141,A141,PREGUNTA,cuando,q1
142,A142,PREGUNTA,donde,q1
143,A143,PREGUNTA,por que,q2
144,A144,PREGUNTA,porque,q1
145,A145,PREGUNTA,cuanto,q1
146,A146,PREGUNTA,cuantos,q1
147,A147,PREGUNTA,cuanta,q1
148,A148,PREGUNTA,cuantas,q1
149,A149,MENCION_PELICULA,pelicula,q1
150,A150,MENCION_PELICULA,filme,q1
151,A151,MENCION_PELICULA,movie,q1
152,A152,MENCION_PELICULA,peli,q1
153,A153,MENCION_ACTOR,protagonista,q1
154,A154,MENCION_ACTOR,dirigida por,q2
155,A155,MENCION_ACTOR,actriz,q1
156,A156,MENCION_ACTOR,actor,q1
